row_id,Y
0,8.904898076965495
1,6.533289323673003
2,6.403749533065088
3,7.067107592746275
4,6.676875377205818
5,7.049949611393515
6,8.041372232992934
7,7.976578697867097
8,5.984292164747131
9,8.82247516882417
10,6.796979900824667
11,7.123290235475579
12,6.157726044615309
13,6.604875374523715
14,7.444068471063574
15,8.351792665246897
16,7.318323614901011
17,7.075355904813705
18,6.974394098641284
19,5.7876694023556325
20,7.194114110164321
21,7.7518706735430385
22,6.514593287880963
23,6.387416470839874
24,6.412341429643803
25,6.2405023157766735
26,7.092359646627337
27,6.572077600643503
28,8.204779921024858
29,7.444016724962054
30,7.025516803651925
31,8.737654893947138
32,7.523110706730684
33,6.431973853235121
34,6.627463255133144
35,5.937251333332064
36,7.215465181760656
37,5.172934313459301
38,7.380009025689375
39,7.558980535052022
40,5.6004040056667534
41,8.299236856681851
42,6.208201876936201
43,8.660175349030212
44,6.1535925756234064
45,7.659213399359537
46,6.921858766366938
47,6.593623740001668
48,6.618281040139202
49,7.147182166888918
50,7.959105543797605
51,8.102309148086555
52,7.5311812718488085
53,7.320731812948829
54,7.0478065957926646
55,7.660923575279298
56,8.23596117182894
57,8.419756383430219
58,7.580808607364972
59,8.060182262315884
60,6.105601485568307
61,6.783792719947662
62,6.725703521709669
63,6.866963403323311
64,8.312222488982869
65,7.39713843132364
66,7.757507154747557
67,7.33888653846104
68,6.569316786835294
69,7.210519323995804
70,7.414268008001983
71,7.085589915749075
72,5.760949664836879
73,7.5901615054522935
74,7.5262104636777
75,7.691903753070882
76,8.16381350832323
77,7.759755866023063
78,7.084691077411996
79,6.439288459823956
80,5.465368938563195
81,6.933469128829849
82,8.143847247112596
83,7.573200383428819
84,7.892669016420392
85,6.557897984946472
86,7.450005390309954
87,6.848022149611268
88,7.562470409434773
89,8.344513220081168
90,8.213714199177836
91,8.22090669404001
92,7.838686791015775
93,7.9817809026242585
94,6.340913983498417
95,6.128510439520824
96,6.947540964780366
97,8.217257653806207
98,8.127871470181468
99,6.354276684428129
100,7.557922625292157
101,7.398290610112326
102,6.567671350695548
103,7.116629930296455
104,7.313364186818681
105,6.475124809920679
106,6.585909107332533
107,6.883687713222507
108,7.596130487299618
109,7.003248834685316
110,7.496486238371979
111,6.944714637877169
112,7.248476384967368
113,7.622095039347741
114,7.734796690805275
115,6.965102392992861
116,7.253876059457582
117,7.191480780907725
118,7.332573854732061
119,8.30781182664586
120,8.202211210495037
121,7.267183853187994
122,6.467969528950498
123,7.442988908809376
124,6.5172301754185895
125,8.135432555757305
126,7.6358578630957865
127,6.772299105662995
128,7.549463621577189
129,7.26776542619141
130,7.425906256714661
131,6.993827974654906
132,8.903660247706945
133,7.721138908392675
134,9.123017815416844
135,8.539924593434272
136,5.713304201685602
137,8.295552771022784
138,8.474336496449176
139,5.553021112596944
140,7.828141193214606
141,7.70213521346794
142,6.6395864694370275
143,7.189911571608313
144,7.882409542354132
145,7.110104266869193
146,7.499604603555305
147,7.305508255171098
148,8.06694525867622
149,8.067353534116343
150,6.7184347505641355
151,7.470888265156461
152,8.293592907649163
153,7.687347293886077
154,7.77907203397357
155,8.522221179886458
156,7.9172548270226315
157,6.593775374401297
158,7.2699886751420095
159,6.8493293206267865
160,8.255638069533276
161,7.6433299589115435
162,5.8869591098120395
163,7.319658449398148
164,6.995887778054602
165,6.2630525300438435
166,6.151935088390061
167,6.829633027601005
168,7.922302729646034
169,8.700172803893587
170,6.484339291558165
171,7.411723802170052
172,6.444165921212466
173,7.531896857259781
174,6.830384736535102
175,6.8984576081354305
176,6.936510987441672
177,6.7587359326938525
178,6.493912016061991
179,6.540443786966605
180,6.130906697751868
181,7.392501558770192
182,7.319129637574044
183,7.935404060603872
184,8.36288323180706
185,7.830465771938911
186,7.828864692091642
187,6.877883212449305
188,7.601562004409189
189,7.831355156598185
190,7.133278501339561
191,8.40154762303343
192,7.223152893289068
193,7.870297549717854
194,6.766332003622843
195,7.182114382467894
196,6.941297932752683
197,8.680182168707269
198,7.419431062385598
199,7.637913734178568
200,7.005474694904237
201,7.7646853128516895
202,8.071497675900744
203,7.4004908981580115
204,7.053442816280651
205,7.7825677115375385
206,6.760558107435138
207,8.488551860599749
208,5.934733405046963
209,7.028786343214634
210,7.600221299805128
211,7.277965421588114
212,7.366717606262043
213,7.409357656104191
214,7.901290891985973
215,6.631776824481939
216,7.640011825948406
217,7.657315293233587
218,7.398634279507249
219,6.860812630581762
220,7.3422012883069385
221,7.2215776670878
222,7.438165643260213
223,7.828455620764487
224,6.8298562466328505
225,6.841168812220857
226,7.574953652954989
227,7.407426306633688
228,7.27682523489046
229,7.5581706109623426
230,7.1124799135486185
231,6.959999955285689
232,7.492312012878195
233,8.100796241284911
234,6.956943099724036
235,7.478129009561172
236,7.167866858746919
237,7.430980069034781
238,6.691328810011157
239,6.317815702429698
240,6.634552579019044
241,6.571542118799179
242,6.768747465344241
243,7.321690341126903
244,8.701142110755193
245,7.129315122961437
246,6.7236917240584475
247,8.115175435678225
248,8.322778838758786
249,7.049407197106085
250,7.008097480916462
251,7.593725707976503
252,7.422900983545048
253,7.655563894728182
254,7.571418805595975
255,6.582465490007706
256,6.966640103994614
257,7.324271961774649
258,7.648920849360643
259,7.328493576598142
260,7.636738525733115
261,8.908911037658953
262,6.238022943020368
263,7.430986541011649
264,6.7573736179085415
265,7.6265274809441195
266,5.306980717950893
267,8.106441803266591
268,6.21147623533745
269,8.063283387808859
270,7.505892661688954
271,7.455882678547482
272,8.109976206782157
273,6.4120508090509745
274,7.1875106048858015
275,6.96697667657557
276,8.599106187772968
277,7.148545797416389
278,7.815655791990025
279,7.991993171547939
280,7.934258447062234
281,7.296146106791504
282,7.146666452325277
283,6.9720802121004155
284,7.874572977710656
285,7.505660754478903
286,8.046394358431733
287,8.328270422715526
288,7.0153319698340155
289,7.57254836633804
290,7.276697780380452
291,7.138804941679318
292,7.163849596469454
293,8.428698884987838
294,6.685863054041263
295,7.840202482539382
296,5.853417446451125
297,7.031100182197207
298,7.205480472424249
299,7.42774463028983
300,7.733948530646373
301,7.414957842947203
302,6.945404823599304
303,7.121220773368805
304,7.875060400440994
305,7.4485868639446835
306,6.844304206042743
307,7.349264673387239
308,7.265428293079786
309,8.413391515969423
310,6.462944881768685
311,7.33147935575019
312,8.150832889570495
313,6.498842718072218
314,6.976401312670298
315,6.129915778345207
316,8.255665477245536
317,7.127249667463921
318,7.0273552577844
319,8.437391104576989
320,7.468668449801861
321,6.021699210813722
322,6.868744885986047
323,7.91962913707242
324,6.6956849030156675
325,7.64442407142932
326,7.1556276181926535
327,6.358878192354702
328,6.946846559616986
329,6.990371120643196
330,6.433931025401435
331,7.812653605664664
332,6.108804907743384
333,7.427859260869859
334,8.88913278097914
335,7.541915100115304
336,6.693732105631113
337,8.293751412902985
338,8.202390586853333
339,6.987111404613486
340,8.063903683653535
341,7.472074361492574
342,7.632292523677933
343,6.6344445475591485
344,7.080977594379625
345,6.117988438646762
346,6.137274890431463
347,8.234581065468426
348,6.182952067483747
349,8.62066864659542
350,8.200098177448737
351,8.197969319112602
352,6.643252542957754
353,8.450253724500506
354,6.181356071711214
355,7.769107875180943
356,5.864201111768537
357,7.570855481972998
358,7.064384487326471
359,7.317915464309337
360,5.971122100618601
361,7.897990397396249
362,6.6515201223170735
363,7.148935326056225
364,7.846969772549066
365,6.778391246380323
366,8.145019600067293
367,6.044119686946203
368,5.609942714068993
369,7.315222452673218
370,8.027370336422365
371,8.65683757845705
372,7.163738603896988
373,7.479935565232239
374,8.239566669893684
375,8.413504643623583
376,7.302654570052148
377,6.976927753407885
378,7.189550099612177
379,6.815670953907286
380,7.69298981589165
381,7.0751005151374144
382,7.960371439875544
383,8.19672854343964
384,7.8298951624922
385,7.816399216495832
386,6.973999927717195
387,7.054568861238096
388,6.359833574778506
389,7.470975055542937
390,8.651071639856738
391,7.75115049652792
392,8.140510018695899
393,7.617377508094513
394,7.182958102725543
395,7.5097186471665935
396,8.398045687206192
397,7.792914691098588
398,8.927308935095311
399,8.314667394734066
400,5.418771826661448
401,7.506064321953737
402,7.640050872567819
403,6.976095261439276
404,8.036008888341023
405,6.925740225575602
406,8.27022635045099
407,6.584340155697845
408,7.501818272366286
409,7.3192230087718215
410,8.970091287500857
411,8.349179749353326
412,7.73490922554133
413,6.761166758330809
414,6.810955270581438
415,5.486631964388806
416,6.856343504802524
417,7.166809799631977
418,5.8723554999417615
419,8.25411144335149
420,7.737529177992421
421,6.737754751436647
422,6.863050474756555
423,8.31346560747869
424,7.18478051422246
425,6.266589289541066
426,7.242566052341218
427,8.187435287098431
428,7.302336445419385
429,7.824435457647326
430,7.805672485642866
431,7.257381735708691
432,6.670082133250453
433,7.444420669206437
434,7.705068330124391
435,7.369936418764638
436,7.498566388268607
437,7.136255714355265
438,6.5776322632987245
439,6.9481952309451245
440,6.916483831060738
441,6.826570063261379
442,7.167052585605553
443,7.573382319158668
444,8.872456547670303
445,7.1085615651353535
446,7.51422725860472
447,7.697116718585342
448,7.488594773523388
449,7.3312126713914765
450,7.137048023222967
451,8.653057331832336
452,7.1101052246873735
453,6.800258128840952
454,8.093128195118041
455,7.319862948573132
456,7.70387680929889
457,8.062920455430529
458,7.274153766571388
459,7.847388555779837
460,7.399414033814097
461,6.18310272803533
462,8.000166552555008
463,7.468063685150021
464,7.197376482432212
465,7.0257590355482264
466,6.647396808535497
467,7.215912941399239
468,7.954321868116423
469,6.536900494458386
470,7.370879907646383
471,8.263434014959628
472,8.162655920245342
473,6.835740753092075
474,6.566477101278153
475,7.624456897256707
476,7.093225386532872
477,7.335484194493169
478,6.614409672643795
479,6.9549462799460855
480,7.061410800551322
481,8.099092411245088
482,8.063495215323577
483,6.815365630718482
484,9.167378379133211
485,7.090366809982356
486,7.662826070330013
487,6.888053865436127
488,8.501405105085055
489,6.317030787847585
490,7.463430205973765
491,6.29375812570769
492,6.376612102594784
493,8.446114434741368
494,8.177306004099513
495,7.301233167851571
496,7.044055448966979
497,6.149819920380914
498,6.24935552316407
499,6.423615653984818
500,6.740269954491232
501,7.088027205188965
502,6.254683990739224
503,6.289988946366201
504,6.531886320501783
505,8.536589039501749
506,8.064037891631713
507,6.334036670021156
508,6.868331175585588
509,7.368741995256677
510,7.5586878637397135
511,8.179914761474834
512,7.319289197529763
513,7.724774280650308
514,7.461514151171841
515,7.73113405791613
516,8.396943262106973
517,6.144155337100258
518,8.298797153838628
519,7.566267454473127
520,7.686452553498057
521,7.014971462721455
522,6.996725839562835
523,8.284723706452233
524,7.194731486892202
525,8.392384859583622
526,8.956982954484232
527,6.504683348604203
528,5.93138986010765
529,6.927137130437103
530,7.089932105153849
531,6.08637800414229
532,7.543543488554626
533,7.243382138665815
534,7.455526852411246
535,7.889744594755548
536,5.440432874480457
537,8.53137486641107
538,7.632122286881803
539,8.251784176387055
540,8.166819617887406
541,8.916637881163929
542,6.991674904482764
543,7.7694168798716845
544,6.549598193113077
545,7.636905767253175
546,7.479159811792087
547,6.946353101720263
548,6.403703990531483
549,6.655091970289426
550,7.160759473411076
551,7.784858250812938
552,7.182448351790484
553,7.650069465431528
554,7.836185983151424
555,6.2160841284467665
556,6.074712820638474
557,6.528358229651651
558,6.315746350236829
559,7.579266315054724
560,7.848477326345538
561,7.4012138687394895
562,8.500968333240067
563,8.340837485862608
564,7.313072785573198
565,6.3309019757974525
566,6.293194334282987
567,7.503930452302029
568,7.791702811437624
569,7.827247518176364
570,7.030190101656977
571,6.9826092778343565
572,6.925914055509871
573,6.343022453925379
574,6.761027789641275
575,8.330428279266776
576,6.018401335547388
577,6.73900964421707
578,6.713143179233121
579,5.315095961724786
580,7.444437377896186
581,6.184274197859089
582,6.7019992660399055
583,6.884163234062157
584,6.358134831899129
585,7.167985777791408
586,6.7244397375820455
587,5.218282887999507
588,6.439027162320976
589,6.921065732198848
590,6.908547858558343
591,5.986556593306027
592,6.194070558042519
593,7.1760501767415334
594,7.872408580727253
595,7.0229497850512175
596,7.222504389823328
597,7.255441450792318
598,6.865671935071454
599,7.68066011511403
600,6.514412299801755
601,7.0046470824482086
602,7.405457732331328
603,6.690882897680687
604,7.503964527886545
605,7.3130245758813075
606,8.584611412955503
607,7.612881484639708
608,6.521398374041013
609,8.030276085573519
610,6.361936899315438
611,5.816961720722375
612,8.067662362877527
613,7.486307310509517
614,6.341416821193917
615,8.33172075240595
616,7.031682001492335
617,6.9280995000017
618,7.297685708764483
619,8.405275850961289
620,7.1384134005453035
621,7.065563675126832
622,5.781707657626612
623,6.710191904030957
624,7.309353468937523
625,6.829323681297311
626,8.148940299595154
627,6.360609840457542
628,8.050351299343397
629,7.455732126234672
630,5.603687937159492
631,5.696264178609255
632,9.04545562625502
633,7.055890119615654
634,6.984656506083688
635,7.654189938405899
636,6.303566665324041
637,7.3997419505385125
638,7.256711652920657
639,7.008208741801546
640,8.74225546609452
641,6.511748202982439
642,6.5497481067079235
643,7.155435066946019
644,5.651347628416396
645,7.7174091084484715
646,6.831502589510848
647,6.320651661707402
648,7.214748560900077
649,7.240465378770423
650,6.65988869319397
651,7.277129093432293
652,7.210266234880812
653,7.641702398207059
654,7.682093959356614
655,7.879463842767649
656,6.955575389307157
657,6.714144300606634
658,5.453257901159546
659,8.413146183629628
660,8.044707434277775
661,7.7428881219611085
662,7.081468498289347
663,6.971951292428983
664,7.621930749386145
665,8.177910672329233
666,8.22236702636964
667,7.4386746650144175
668,7.249431158564306
669,7.099118776372272
670,6.950177636011809
671,6.713161748652496
672,7.775833248797362
673,8.259907371588966
674,5.6447142584677295
675,6.799660922526392
676,7.501077391324891
677,7.496114602060118
678,5.880993767501636
679,8.550980682491925
680,8.29516709533744
681,7.772841244281118
682,8.736979683560122
683,8.402315832042504
684,5.620026876972709
685,6.266622541058936
686,7.065472872287131
687,7.806502885996785
688,8.408694157142975
689,7.448612715496672
690,7.151550443974578
691,6.60627017664352
692,7.861630724563192
693,7.508098122010566
694,6.770913747720897
695,6.8093828782565495
696,9.084045422413311
697,8.081611218687001
698,6.557865489048034
699,6.828950445952799
700,6.6279620298209565
701,6.899664643033837
702,6.212554849997922
703,7.3095415468777105
704,6.466969970826476
705,8.033786521599147
706,7.030799128496568
707,7.82636642043888
708,7.578273986658992
709,8.270455716825758
710,7.448867362079007
711,6.945562879359976
712,7.245012685200457
713,7.086173175590304
714,8.300142808761223
715,6.464504415249188
716,6.348481078596741
717,7.9166001460950355
718,6.916142248871317
719,7.751644018945292
720,6.977497988449713
721,7.0352342717857965
722,8.290727190735772
723,8.359386849866198
724,7.064205124554867
725,8.480525175320238
726,8.22448292368474
727,6.839168646093505
728,6.51994869189226
729,7.864000449751153
730,7.720566133127107
731,7.419048156877743
732,7.165596668562699
733,7.005023491928689
734,6.59691509207061
735,6.200684448267609
736,7.892167004460497
737,7.839893013784014
738,7.75106815036186
739,7.29239701210183
740,7.4577194531426585
741,6.928603562272528
742,8.03359909233933
743,6.838208885944766
744,6.906026800513729
745,7.983438651410381
746,6.8040967730818025
747,6.117983044085065
748,7.561859137868694
749,7.711985643770902
750,7.65759865617018
751,7.673031831672404
752,7.5261643123788815
753,8.398809489329295
754,7.01027865088502
755,7.255143417246636
756,6.600404994637877
757,7.273050884288331
758,7.105514189582308
759,7.1153719267067785
760,7.790245257179038
761,8.576776885690649
762,7.164443933042982
763,8.692133496385146
764,7.785467827485974
765,8.42710393930605
766,8.170315044213474
767,7.438588338266435
768,7.943331685229573
769,8.70876941564066
770,7.874159365247394
771,7.535898776611944
772,7.268913542596337
773,7.001228260872814
774,6.341643211239074
775,8.336567278101306
776,7.040673187180765
777,8.276077186815087
778,7.585569115121338
779,5.385551029951301
780,7.624053000773124
781,6.369856917893941
782,7.901850421154052
783,7.722987401115759
784,6.893598987183424
785,6.580947784738086
786,6.22957152612198
787,8.46157152731368
788,6.9473493124287415
789,8.10621364797133
790,6.806247528463608
791,8.649787480141072
792,7.345417073040267
793,7.000612805893681
794,7.498416221017727
795,6.347979431706065
796,8.391274465233828
797,6.956115297498762
798,5.648738492806125
799,8.152634473671164
800,7.247404555644934
801,7.482511075088183
802,6.455727505010209
803,7.8185853437572845
804,7.437260469936021
805,6.342786685610555
806,7.885293834205434
807,8.008666372898048
808,7.199453762785481
809,7.937469917207075
810,8.246559601308277
811,5.793079326430906
812,7.7747177614348
813,7.140933476971135
814,6.886225155853971
815,8.138394576226752
816,7.595377745616709
817,7.046924378641563
818,8.030786283466938
819,8.158401642047359
820,7.125001956215769
821,8.652625696772276
822,7.910164349022338
823,7.298228867162621
824,7.227103390255934
825,6.644651278205089
826,7.039413008519524
827,8.275351007370638
828,6.421871183877506
829,9.063716180686747
830,6.655893855014632
831,6.241269588556847
832,7.719292436079833
833,5.764174750202031
834,6.864276066728301
835,6.920375213291599
836,5.662381246150879
837,8.892409189033458
838,7.6197133189334565
839,7.171956535608068
840,7.75960115231873
841,7.045492498495044
842,8.084276129333453
843,6.7920507100092
844,7.337467428132577
845,8.315586755563928
846,8.471047466390083
847,7.262944107318326
848,8.257751826391178
849,6.0684166019854615
850,7.5989416241739605
851,6.3038359947700116
852,6.964795993126053
853,7.497801901609918
854,8.38704858692033
855,5.538686849816578
856,8.043102555937004
857,6.7084632781908695
858,8.256428939824161
859,8.65862601123434
860,7.9712334990922
861,7.64770173430869
862,5.423547510987305
863,7.887167118842605
864,7.912232416570518
865,6.989015988338814
866,7.050443922952574
867,6.461407736001057
868,8.591489352539405
869,5.4313334331213525
870,6.612599544963395
871,5.493359682778603
872,6.99945351813416
873,6.900661582687775
874,7.074592610668063
875,6.541853983810078
876,7.64867331482408
877,6.935827187617477
878,8.293643005646814
879,8.089645988570737
880,7.3322158166858244
881,7.098733118466569
882,5.79743948651101
883,5.8582488499152845
884,8.103884309328421
885,7.255547672990183
886,9.034060939072788
887,7.183619112637686
888,6.853432328064585
889,6.738627900425584
890,7.227399005088579
891,7.139979367860292
892,6.425616147257017
893,7.944024504789539
894,7.18074926695423
895,6.315453162919489
896,7.302154732365381
897,7.671873225768792
898,7.598037155287251
899,7.750021409796268
900,7.440474862502228
901,8.602815029397881
902,7.538236472749745
903,6.191559398817546
904,7.628299444148553
905,8.684336494385974
906,8.440125168588708
907,7.911480581394244
908,7.811264693389951
909,6.638346894917994
910,8.258307679538902
911,6.493591953779081
912,8.383323904287622
913,6.846014268142504
914,7.150791787874823
915,7.588767922057073
916,7.412267116642035
917,6.662234884434504
918,7.421515425369066
919,7.8253011550653255
920,6.556318081414254
921,6.300232963598319
922,6.027630262271877
923,8.536593339420612
924,7.470254611981183
925,8.000571004331071
926,5.71891585790123
927,7.503463969475298
928,6.950374650976542
929,7.496794967472155
930,6.171966347351294
931,7.794360092366098
932,8.209239515451785
933,7.19374927084548
934,8.67162172818334
935,6.611394735253185
936,8.758466483297404
937,7.254111627024059
938,7.644312427725218
939,6.744837013141691
940,7.849206417311585
941,7.805120427952282
942,7.293638591912725
943,7.042669753477476
944,7.929395524226415
945,8.531663704011109
946,7.785113427767136
947,5.665532392779205
948,5.832397093908554
949,6.902760186862835
950,5.234546645831102
951,6.485000814896857
952,6.430296736874922
953,5.322230544183185
954,7.399453032894286
955,6.863349821227246
956,6.601358561916605
957,7.790103494025971
958,6.023894801815416
959,6.329445153662867
960,7.224292123087139
961,7.499393278614058
962,7.849368110094055
963,6.39319350701593
964,6.5143009345675225
965,7.858052768561741
966,5.686403015262634
967,6.646481813090389
968,6.473758834224569
969,6.2798626095016346
970,6.880984031914558
971,6.63359676088281
972,7.432094269227321
973,7.616749753006026
974,8.639074613638591
975,7.466702371668532
976,6.759811539073574
977,7.585330260400937
978,6.404338382400184
979,5.6369891466920095
980,8.610956675736453
981,7.5526144667561255
982,8.640297382590113
983,6.220190136528238
984,7.372342728422133
985,7.844351881001927
986,5.377279725118548
987,7.990629148674699
988,7.201580084546578
989,6.613259142698865
990,7.143030215092452
991,6.910902304513947
992,7.584447646005238
993,8.049298461920657
994,8.786407927334892
995,7.273605093803049
996,6.086132785651735
997,6.436031369078357
998,7.321487885153779
999,7.3310746051816125
1000,7.681333195917119
1001,8.061135173443631
1002,8.184872721639827
1003,5.976748751538182
1004,7.37398395192713
1005,6.640244422736778
1006,8.694964277794696
1007,6.682709964204193
1008,8.296562861264
1009,7.156022362940995
1010,7.416261311466009
1011,8.07537836110646
1012,7.858139584468489
1013,7.855242912934109
1014,8.560750910012821
1015,7.142709939614726
1016,8.841746106221272
1017,7.193563922353533
1018,6.948381773058522
1019,7.671707007307106
1020,7.8427389524918425
1021,7.5043518364497785
1022,7.178742681301443
1023,7.777622632724778
1024,8.256161953206274
1025,7.933749447382219
1026,8.466421400255435
1027,6.577060137876693
1028,6.976232973249182
1029,6.0902367161785875
1030,6.040983476834569
1031,6.843063025303962
1032,5.77751096004738
1033,7.694290105723873
1034,7.464625759571142
1035,7.478478951678987
1036,8.508362503186248
1037,7.037496045851171
1038,7.989710796441514
1039,8.134887211888689
1040,6.977444065976499
1041,7.829482053188592
1042,7.933792006056443
1043,7.4178418275666544
1044,7.967433402221488
1045,8.320878807633335
1046,7.246974141520241
1047,6.356198984837903
1048,6.633591654218193
1049,7.737796237693516
1050,7.328446167094754
1051,6.678341544074712
1052,8.831062371940376
1053,7.211785779713956
1054,7.322480780069462
1055,7.286912212523596
1056,7.652200985838327
1057,7.822733656718164
1058,8.891797885584886
1059,6.144998637558082
1060,7.809152353118627
1061,5.835848003343003
1062,7.811073889695628
1063,7.877373412776372
1064,7.957191362771731
1065,7.824740030240669
1066,8.038443890857849
1067,7.254888351233497
1068,7.149773828575022
1069,7.9516389753910275
1070,8.749483344839952
1071,7.390045546142176
1072,5.922770065967313
1073,8.893240290962702
1074,6.804015966030249
1075,7.784776280837164
1076,7.90580739762612
1077,6.9173563839418435
1078,7.593296785116465
1079,8.486578462991638
1080,7.642713892910933
1081,6.662044344419975
1082,7.368715809261822
1083,6.8810154903104745
1084,6.525911848497742
1085,8.403801909695588
1086,6.689324148586593
1087,7.872473555296082
1088,6.5051816785884355
1089,6.215801802555426
1090,6.8127074846236795
1091,7.354492903327625
1092,7.513155787037995
1093,6.580228879984922
1094,6.180657213694083
1095,8.149173082291227
1096,7.52882665254986
1097,7.031643773856381
1098,7.089792532922566
1099,7.313452973024837
1100,6.597743806992398
1101,8.243824925502587
1102,7.418222815599393
1103,6.7999439265025
1104,6.58666272378246
1105,6.740234672468517
1106,7.061569691734988
1107,6.679820709798804
1108,6.769085008717241
1109,8.213392271364924
1110,8.200838295278501
1111,7.461431023507849
1112,7.558730682255742
1113,7.968164458400402
1114,8.08368056024586
1115,5.30486509853047
1116,7.957204624152233
1117,8.148500815609019
1118,8.294508229250994
1119,5.848518343752701
1120,7.410833425543714
1121,5.788909898075765
1122,6.889046018343578
1123,6.40510081991971
1124,7.935087274665236
1125,6.632542598810822
1126,6.4731826226009375
1127,7.242800992303195
1128,7.176420736005689
1129,6.641350194245497
1130,6.391927710733995
1131,7.493307685535825
1132,7.696552379888736
1133,5.437574196288509
1134,6.963937293723852
1135,7.4455859551326
1136,6.710000788515238
1137,6.615282565748359
1138,6.256996723413032
1139,7.492845223651578
1140,7.140066980318323
1141,6.990734786613501
1142,7.151691532533725
1143,6.389116346583215
1144,8.489391961120937
1145,7.228962735447787
1146,6.792154123607354
1147,6.611458761228569
1148,5.7680877657626795
1149,9.116189003545244
1150,8.01398252104812
1151,7.589086177026559
1152,7.037109170968243
1153,7.828654385985331
1154,8.21801435133051
1155,6.357059889763832
1156,7.507151038411024
1157,7.8871934549422775
1158,8.573639720183799
1159,6.935630170927389
1160,6.407359908392841
1161,7.281766290662752
1162,7.748271932084229
1163,8.272740252278908
1164,8.774209055516387
1165,6.615490819187052
1166,6.420285303899718
1167,6.825647787465144
1168,5.9799464194096
1169,6.282406126715685
1170,7.3313578961544295
1171,8.51429314157545
1172,8.334433481050283
1173,7.5207712546729795
1174,6.449929458802828
1175,8.283438410802802
1176,7.8326982888412005
1177,6.564422453160482
1178,7.662866346176948
1179,7.404373159691595
1180,6.831305250049695
1181,7.4501880410476815
1182,8.39200082142382
1183,7.548975131626065
1184,6.81771420303793
1185,7.55190982298781
1186,8.315389343410622
1187,7.867970573161216
1188,8.98122667340865
1189,6.427937170328931
1190,6.831397203109326
1191,9.013424250544205
1192,7.717144444487452
1193,7.701988005727536
1194,7.337734278111618
1195,7.422912199030726
1196,6.47904038350034
1197,7.643638879339171
1198,7.413217437764672
1199,7.282901305479513
1200,8.223898893806542
1201,6.794201080211131
1202,7.725371661643088
1203,8.954121961652163
1204,8.307084254355395
1205,7.272671851220139
1206,5.99424934659114
1207,7.848439183403407
1208,7.087321062654276
1209,7.063829333866053
1210,6.800245133572965
1211,7.566891718421459
1212,8.644424364196723
1213,8.225048925372008
1214,6.654589118067726
1215,5.639615397373149
1216,6.614054678678826
1217,5.947752552324985
1218,6.572127166481273
1219,7.124613702792956
1220,8.349024601582443
1221,7.206893300650464
1222,7.986682645518314
1223,7.292778269911771
1224,7.948850352670249
1225,7.884657422894719
1226,7.605582097954937
1227,6.507085665263354
1228,7.6921987105742815
1229,7.755268567677305
1230,7.58428351003549
1231,7.544228736987009
1232,8.768825230827211
1233,6.6437191872531045
1234,6.934651242981069
1235,6.63241684310136
1236,8.311494260425455
1237,6.709463045239211
1238,8.019703247676418
1239,7.245533933766545
1240,7.036144928466442
1241,7.379804587102306
1242,7.363176175158827
1243,7.237019625922905
1244,5.992050516764529
1245,6.475866085049162
1246,7.541672367612456
1247,6.955553972543626
1248,6.754839041183757
1249,8.01232871283461
1250,5.246086758473005
1251,8.074872765674257
1252,8.26899416541955
1253,6.877939323550464
1254,7.789636468584355
1255,7.323846899276084
1256,7.934195791547026
1257,7.897829583638831
1258,7.557583888190301
1259,7.161326656143487
1260,8.009030344845563
1261,7.938919110589261
1262,8.393873737439101
1263,7.293983071809961
1264,7.41474768556877
1265,6.303076437089388
1266,8.244456268082175
1267,7.818562760018999
1268,7.781397605928973
1269,7.361399181061245
1270,7.092725425798328
1271,7.345250791102352
1272,7.639266672677017
1273,5.837293273872653
1274,6.886217185021785
1275,8.04670313044084
1276,6.818074913097291
1277,6.532581191053858
1278,6.305099867374807
1279,7.516785354720106
1280,6.652709179667433
1281,6.203417148509466
1282,6.608534221638948
1283,7.913075155112075
1284,8.355199430401491
1285,7.6029937710498885
1286,6.326157125795412
1287,6.966401886290697
1288,8.371097335660771
1289,6.757595502858415
1290,7.097871176462512
1291,7.816727981178019
1292,7.393726355399416
1293,5.776549668295928
1294,7.064143283849177
1295,6.933598594886412
1296,6.797037374746353
1297,8.089264467639282
1298,7.200598268139899
1299,7.8843470824815896
1300,7.175331586128472
1301,7.752343151960396
1302,8.505239413761643
1303,7.03788175029122
1304,6.276523568614003
1305,6.076291102992208
1306,6.1951621119143
1307,6.434575234655625
1308,7.210450720712316
1309,5.7826708389874355
1310,8.310243463646025
1311,7.04567677369468
1312,7.187856815647507
1313,7.481876556232663
1314,7.121300514142504
1315,7.257942473456303
1316,6.486307234765654
1317,7.902582201903613
1318,6.978108957905221
1319,7.813460571435449
1320,7.508796125198764
1321,7.842859488615552
1322,7.990443453922126
1323,8.26240277481709
1324,6.225594948936056
1325,7.311797426149234
1326,8.194690138323594
1327,7.52500347450848
1328,6.574724643732289
1329,6.470908247803266
1330,7.090769111239517
1331,8.35454783439041
1332,5.9029278714134605
1333,6.4561392598017875
1334,6.38680066369426
1335,6.912739750605539
1336,8.073446159577905
1337,7.298442025437176
1338,8.67386425880403
1339,8.243306840171307
1340,7.712302342746398
1341,8.00110110723881
1342,7.54804558489171
1343,8.481478954967535
1344,8.90934258771739
1345,6.376160637404801
1346,7.004994651917606
1347,6.850107974321418
1348,8.435370969902309
1349,6.77026001792639
1350,7.609824399679681
1351,6.955978093075927
1352,6.623647858770525
1353,5.4811592168839525
1354,6.845531726268881
1355,5.905084547293775
1356,6.429714440189713
1357,7.99321921555741
1358,7.365747285270018
1359,7.159153984116607
1360,8.059589770498299
1361,7.323043065592252
1362,5.962990901730194
1363,6.321727633869166
1364,7.707162397899701
1365,6.641892876960462
1366,6.51372578502491
1367,8.27785452756222
1368,7.091658924197816
1369,6.917912867227187
1370,7.360009254661939
1371,7.377401531837904
1372,6.697337683487859
1373,6.300985479975736
1374,7.700825000573992
1375,7.4269734667458565
1376,6.986443546660041
1377,7.884836557093649
1378,8.505233571996158
1379,6.6708881356213325
1380,8.037125320750967
1381,7.983310161095936
1382,8.024613223527304
1383,6.380727528260337
1384,8.269587973299906
1385,7.520206416792966
1386,6.172832441481226
1387,6.54962751507248
1388,4.915758494554588
1389,7.1103152893331725
1390,5.473456964030291
1391,6.227491701487544
1392,7.243768771456089
1393,8.754999124604026
1394,8.008236077832407
1395,5.379901031255258
1396,7.186589592518722
1397,8.428365138528449
1398,6.476932980902362
1399,6.778986408427038
1400,6.604489329165048
1401,7.018228268795703
1402,7.581534709986293
1403,7.381681419840895
1404,8.716101439372238
1405,7.4714830395020755
1406,7.997930488032701
1407,8.501084031038538
1408,8.509627694002617
1409,7.067735385045452
1410,6.549050267741876
1411,7.037904338515965
1412,7.189256311823748
1413,7.489094406932985
1414,7.739549920696007
1415,7.906355505069804
1416,6.028213990469091
1417,7.044136482609133
1418,7.8758586649637365
1419,7.387529807588308
1420,7.5577035713728264
1421,7.863871950621366
1422,6.481270939274495
1423,7.036922042070444
1424,6.497349501506832
1425,7.458241793130185
1426,6.640838449504059
1427,7.013771564110854
1428,6.648128990630482
1429,7.190043921266181
1430,7.70046563061895
1431,7.7060057972992695
1432,5.9431949777996
1433,7.8527817813319984
1434,7.7905377842657515
1435,8.511642617318344
1436,7.047900215016298
1437,7.457193743133352
1438,7.549845349048773
1439,7.631232796080354
1440,7.286586717872282
1441,7.583407599830068
1442,7.288988355900294
1443,6.928476732876156
1444,6.376594938008019
1445,7.372186865748041
1446,8.816410179816465
1447,8.105929748032587
1448,7.027247502905887
1449,7.68843526277071
1450,7.231190714656002
1451,8.946858804020657
1452,6.456491344695337
1453,6.614881812959389
1454,6.875123001934767
1455,7.980754127805447
1456,7.183025424606612
1457,8.561267531744818
1458,6.722254865740176
1459,8.341703811392158
1460,7.0545397512251995
1461,7.142551167313009
1462,8.226395207558248
1463,7.633288286665021
1464,7.819720882070634
1465,7.29510192329991
1466,5.785190072187049
1467,7.928516520864747
1468,8.037450076583163
1469,7.664349103276578
1470,6.1556239022001265
1471,6.810728184304651
1472,7.279309916724905
1473,7.51897473594299
1474,6.748093189293243
1475,7.269802329853945
1476,6.834077134804275
1477,5.185183637293278
1478,7.497381227479316
1479,7.928554504083756
1480,7.490019427369937
1481,7.417532132936891
1482,7.593868573352793
1483,7.837639275376262
1484,8.356426802239419
1485,7.633406330804505
1486,6.779455449982365
1487,7.686264193345991
1488,7.4911078618948395
1489,6.48756192027512
1490,7.186475947023837
1491,7.66749504574895
1492,6.113731117160178
1493,6.652284609351014
1494,7.894403087918967
1495,7.240538324469554
1496,7.653913591457631
1497,6.539621570108906
1498,6.252663815964802
1499,5.409582867331494
1500,7.974288870890739
1501,5.846977829239421
1502,7.323718936602532
1503,6.443286511989491
1504,5.933964184929351
1505,7.058051830004636
1506,7.354625136926892
1507,7.6545138896089995
1508,6.221842180690537
1509,7.916677464866801
1510,8.35138159294079
1511,7.198084028747232
1512,7.264758275250941
1513,8.037040790075764
1514,8.173871077171505
1515,6.305084166880718
1516,7.914990818530406
1517,7.247287962944625
1518,8.384066319182516
1519,7.230793792339455
1520,6.8568666682557335
1521,7.369637911291051
1522,8.334451016944001
1523,7.908959585148942
1524,7.028662875708662
1525,8.76217125851916
1526,7.279376611660894
1527,6.813378529394171
1528,6.926455683603869
1529,7.549552298379936
1530,6.3351321462564485
1531,7.757740385058376
1532,8.344020340147658
1533,7.835174799654759
1534,7.316181374498228
1535,8.367699655483925
1536,8.72479473849242
1537,6.123487675105153
1538,8.249679968678088
1539,8.861147192756796
1540,7.060095372576278
1541,8.208075097186473
1542,6.444988367386202
1543,8.035019872551018
1544,7.783457935626579
1545,8.610830816467562
1546,7.890416826799417
1547,6.921072846935338
1548,7.008441541598316
1549,6.623119367904955
1550,7.103272879241089
1551,8.307473891222195
1552,7.1901113621337345
1553,6.5053314224056535
1554,5.862622639047743
1555,7.920473190437967
1556,8.094895238806913
1557,8.068857897258567
1558,5.296461357055797
1559,8.07549653006349
1560,7.311038934058345
1561,6.0275969103132
1562,8.588768321085439
1563,6.7386133913192126
1564,6.092674498799994
1565,6.440215696958397
1566,6.8150908012409275
1567,6.915073719747866
1568,6.662272959754823
1569,6.25146534207704
1570,6.813605295547504
1571,6.958505913788912
1572,6.9978572476882945
1573,7.734819998356471
1574,8.19349198564938
1575,8.113321492890172
1576,7.83970403694812
1577,6.994593491663608
1578,8.002143251162359
1579,7.300484446427049
1580,6.682258014706633
1581,5.894915969486497
1582,7.446587600494979
1583,7.134695257860663
1584,8.361578772720854
1585,5.724399889680605
1586,8.436190596494157
1587,7.115468277524428
1588,7.137452790410798
1589,7.501705371986816
1590,7.82021039072351
1591,7.568537841811612
1592,8.4640622512689
1593,6.992817416377157
1594,5.615369478796566
1595,8.287767914066045
1596,8.06245646508765
1597,8.491939509374618
1598,6.962824224345852
1599,6.18730499490713
1600,6.724944552675808
1601,6.557728420409582
1602,6.047212980087352
1603,6.042643019749804
1604,7.612249257851843
1605,6.254160884929135
1606,8.165084172793556
1607,7.365428860650859
1608,7.53865002730538
1609,9.092289572867216
1610,5.969906990616899
1611,8.101297860992425
1612,5.543806536992761
1613,7.732747610895977
1614,6.834867077244027
1615,6.7448417378487235
1616,7.150639417868341
1617,7.739023519436252
1618,6.544556331529719
1619,7.230179476530061
1620,8.394029025190122
1621,7.5632316985096395
1622,6.2757096520892475
1623,6.599415028285705
1624,7.434295105396913
1625,7.306101652075888
1626,6.4189746943036
1627,7.325679693397042
1628,7.680144852406684
1629,6.917472816111328
1630,6.785568148625217
1631,6.523558523586381
1632,5.352776986199906
1633,6.18485498635566
1634,7.398332515283556
1635,8.44059617287634
1636,6.515664445596791
1637,6.513997123943952
1638,7.394479648313805
1639,5.74177404519525
1640,7.143233277635801
1641,5.55020975804355
1642,7.192159088189534
1643,8.246898265259325
1644,7.2166459732383785
1645,6.631737268116694
1646,6.603509077357252
1647,6.8797364509824135
1648,6.689856964760487
1649,6.774996346575911
1650,7.932583446512318
1651,8.477348482098208
1652,6.490310103407701
1653,7.367970576128037
1654,7.316883888651844
1655,7.447733210230034
1656,6.255158406924416
1657,6.946022395646665
1658,7.374395166727112
1659,7.976769797503124
1660,6.625680809222864
1661,7.080565633907433
1662,8.383956124068632
1663,7.685561150886578
1664,8.369143174944384
1665,6.162547906436551
1666,8.187317936426517
1667,7.242370782083192
1668,7.874146394850413
1669,7.157316332199976
1670,6.919629783149766
1671,6.483675590452236
1672,7.10158116340385
1673,7.491546567738077
1674,6.626865271649116
1675,8.936019914682099
1676,7.207471430668271
1677,7.846939735162337
1678,6.480703987121913
1679,7.094200355871692
1680,6.964490796126178
1681,6.6574711594215685
1682,7.1946456251431385
1683,7.507649107327758
1684,8.204465824747615
1685,8.136384874868739
1686,8.254018712779292
1687,7.008596890504265
1688,8.12128970001421
1689,6.145658106450227
1690,8.485623854826258
1691,5.99874665698637
1692,6.678483159338548
1693,7.019741229193592
1694,7.890929923843309
1695,8.05227807020573
1696,7.07476707869548
1697,8.007010013264079
1698,6.448406541241823
1699,6.67011916767472
1700,6.713826762652587
1701,8.258244627327556
1702,6.186458507843717
1703,6.517301925910999
1704,7.671426385998849
1705,8.064307406956857
1706,6.188105521428014
1707,6.5535632993466635
1708,8.864789366017952
1709,7.019109693484779
1710,7.1156593088227424
1711,7.691154780131029
1712,7.834847924778217
1713,6.3462219129792246
1714,7.2419678898223765
1715,7.55023603319988
1716,7.461179804987161
1717,7.704674611760652
1718,7.5887305832540335
1719,6.671920722558774
1720,5.933511105527984
1721,6.873076292195492
1722,7.128633726853316
1723,7.6838281150743555
1724,7.657331978906534
1725,7.647396200625444
1726,7.541917757694861
1727,7.723391265284469
1728,6.940143731379621
1729,7.671333405898331
1730,5.057475422062886
1731,6.632104460650076
1732,7.9591133375480325
1733,6.969943064292963
1734,5.640023875346593
1735,8.560000217970448
1736,7.0609371419323566
1737,8.8305691052891
1738,8.042282703564318
1739,6.947107919427104
1740,8.164740585240715
1741,7.418152795283369
1742,6.096099949153853
1743,8.270926325688933
1744,6.843491009928314
1745,7.41885024041143
1746,6.59579436925565
1747,7.31686363481851
1748,6.76711518662821
1749,7.524935693465764
1750,6.683968452962468
1751,7.566329835076452
1752,8.744886780605569
1753,6.489079020261336
1754,6.012929051530335
1755,7.150459531436844
1756,7.716901910204186
1757,7.517957042717612
1758,7.3952409587584
1759,7.030519677920573
1760,6.590365767848979
1761,6.522779167301039
1762,6.494260633886235
1763,5.4888955119306
1764,6.586942563845014
1765,7.663923703599785
1766,7.037731941424717
1767,7.291373290705167
1768,6.693994889689215
1769,7.246069705948187
1770,7.105329768091089
1771,8.299392480133307
1772,7.7123436275723805
1773,7.668563324250961
1774,6.559309516813961
1775,8.179971476261535
1776,8.417443460272622
1777,5.319866805097696
1778,7.3482032455858
1779,6.499339135751342
1780,8.840110455455545
1781,7.982430772092769
1782,7.795035373080701
1783,7.781339162790154
1784,7.354838663312059
1785,7.195602986443689
1786,6.571089448197895
1787,7.656916604785991
1788,8.179713333826903
1789,6.3619279625054475
1790,7.866374216277485
1791,7.551773107083186
1792,6.445615329546229
1793,7.430006291322314
1794,7.394606303012381
1795,6.1225448136015
1796,8.000944802832464
1797,6.657065822718366
1798,6.4811561987965405
1799,8.26810928472704
1800,6.624423184510341
1801,7.255373590359071
1802,7.33639755021516
1803,9.115124666055813
1804,6.523960201154495
1805,8.144360411223637
1806,7.746250467424737
1807,5.6744161998574825
1808,6.734540204365047
1809,6.841226267022627
1810,7.369849303718588
1811,7.418307435100019
1812,6.80188429530147
1813,5.467830597446216
1814,7.199926835060694
1815,5.766966697370094
1816,8.527497480737509
1817,8.157280861717553
1818,7.052757546631241
1819,7.083514960032865
1820,6.716373577628751
1821,6.883110373587037
1822,7.497139158419891
1823,6.627758446982774
1824,7.086750380622981
1825,7.74556633308535
1826,8.420544305413777
1827,6.505794883867104
1828,6.451338970148647
1829,8.927423480351237
1830,8.06122581642046
1831,7.523402729056052
1832,6.98085610617931
1833,7.9600764536791075
1834,6.930028112398098
1835,5.550243027598235
1836,6.657100872266618
1837,7.7545552394638975
1838,7.594110150087268
1839,8.173742789712733
1840,6.734693048879244
1841,7.616143780962275
1842,6.915972226310878
1843,8.253953078401722
1844,7.205338329006253
1845,7.393100102270857
1846,7.467694836420307
1847,7.550671202478711
1848,7.011626791246734
1849,7.904877950254004
1850,6.910126110046775
1851,7.578801924282402
1852,7.1700187132067015
1853,8.904707383380433
1854,7.542481948282386
1855,7.844991711035426
1856,8.55315644448875
1857,6.834268367366242
1858,6.626207841015109
1859,6.2040624480851605
1860,7.13152343720369
1861,5.47288275801867
1862,6.835906205914888
1863,7.456435715978365
1864,7.416349246111572
1865,7.593426474233354
1866,5.954677898962018
1867,6.5847483490785095
1868,7.039055858844819
1869,8.238041252508083
1870,7.162376936961856
1871,7.386141591367775
1872,6.979830016424678
1873,6.0163742832017775
1874,7.398479015977422
1875,9.053886922380457
1876,7.16061362971741
1877,6.2785277593277655
1878,7.105026044826566
1879,7.553664215046119
1880,6.882114842406061
1881,6.525145834668429
1882,7.2878328304490765
1883,6.522367788583509
1884,6.73115459482441
1885,6.116750255335042
1886,7.052512224471194
1887,6.74598746184428
1888,7.345391008185231
1889,5.995357547124392
1890,6.924524178215599
1891,8.59934059781898
1892,8.09537360283182
1893,6.709134392088529
1894,7.207469454638527
1895,8.879177109081624
1896,7.790044934766705
1897,7.420039511915078
1898,7.105920237365687
1899,7.058357662559921
1900,7.775292065933428
1901,7.709620466448797
1902,7.951979821342121
1903,6.998531934691556
1904,7.794953667637998
1905,8.64072777181785
1906,6.692391042358828
1907,8.115714343472156
1908,6.673809041600244
1909,8.072044742166362
1910,7.484349434537847
1911,7.473336424518195
1912,7.001675634513397
1913,8.322097411200623
1914,6.889095225592023
1915,6.847264304433445
1916,6.984271815976342
1917,6.381779064679982
1918,7.394175156053677
1919,7.441111423898967
1920,7.664798292803333
1921,6.723155469805313
1922,7.517754245252817
1923,6.634015606863429
1924,6.502129048567475
1925,7.242138923934583
1926,7.756816405997277
1927,8.455567277985573
1928,7.811141252483566
1929,7.256420007367829
1930,9.033632182712637
1931,7.466663024713917
1932,6.1741814286828856
1933,6.5707789993186125
1934,6.759238986487766
1935,6.545364468088145
1936,8.376920446931905
1937,7.346312136700114
1938,7.14204314826933
1939,6.680968784219601
1940,8.951227100147555
1941,5.697494761742128
1942,8.407888030186236
1943,7.004551937756318
1944,6.709387951556067
1945,6.765063424853018
1946,7.3797424063997
1947,7.907233551937246
1948,6.956141162692894
1949,6.295528307260213
1950,7.545590915321014
1951,8.269489690403745
1952,8.805943591902036
1953,6.060760365133852
1954,6.9326482629533075
1955,7.8623229955442895
1956,7.974960133709573
1957,7.075490063624642
1958,6.99980909535779
1959,6.491432019782991
1960,6.627267960463627
1961,8.689832044807872
1962,7.7619868479574805
1963,6.9873492553766425
1964,6.628434439891798
1965,7.7408287294219775
1966,7.319318892379542
1967,7.926643078974884
1968,7.5276505952688595
1969,5.320553219331387
1970,7.669040708414606
1971,7.139861098080992
1972,7.401189579597514
1973,7.256819465748194
1974,7.790484030099883
1975,6.883085912810316
1976,7.989375192917947
1977,6.683522564239269
1978,7.329912060205686
1979,8.15107262161365
1980,5.565229020601677
1981,8.447621760943385
1982,6.768769245169743
1983,7.684620929242897
1984,7.1018768947348505
1985,6.924278493543234
1986,7.591141894250434
1987,7.341036940403981
1988,6.5850429381106395
1989,8.704563996934198
1990,6.375230999436106
1991,6.9036606569134875
1992,8.042010535043495
1993,8.078250985951072
1994,7.716706281533462
1995,8.707850337468756
1996,6.274463051781304
1997,6.350417618343037
1998,6.143317759067919
1999,7.9667634054394725
2000,7.294189573285216
2001,8.318854739307504
2002,8.267032127358007
2003,7.677344757062926
2004,7.822873494802586
2005,7.354830201574984
2006,7.100251248999058
2007,7.0693381833847155
2008,7.758826680379279
2009,8.415843151929913
2010,7.893259780745474
2011,7.398405071655141
2012,7.763870971542978
2013,6.934304195382488
2014,6.68767066067322
2015,6.739408231238755
2016,6.229561032606668
2017,6.9144449174517035
2018,7.889026151668624
2019,7.882685146879041
2020,7.522433123709199
2021,8.314796328380595
2022,7.233586784170285
2023,8.453947886010454
2024,6.899149453196777
2025,5.440430819955438
2026,7.173605068267875
2027,7.493071934282831
2028,7.634624578038988
2029,8.241097774856009
2030,6.645539673363764
2031,6.303818650573739
2032,6.596794086155249
2033,6.975102394304237
2034,6.994686269822232
2035,7.159069691720347
2036,9.129511076921183
2037,7.768149428883461
2038,6.175179014956939
2039,8.198686005529062
2040,8.143450864780746
2041,6.735917588021962
2042,8.826041980767613
2043,6.146426897252461
2044,8.497525651231847
2045,7.721707244169679
2046,7.825065522230709
2047,7.854963127316658
2048,6.067736067172348
2049,6.063384407819186
2050,8.453487126645477
2051,7.742721478678732
2052,7.520429145921611
2053,7.357971527951037
2054,5.924272319963286
2055,7.49089714311944
2056,8.33165858034517
2057,7.745489305679953
2058,6.68598007719563
2059,8.453222958718335
2060,6.34582142937888
2061,8.552655614836148
2062,7.448736793894227
2063,5.766256892774457
2064,7.7242566517603635
2065,8.016886536031897
2066,7.648133038703492
2067,7.808455851071635
2068,7.601779088839038
2069,7.6420593986752365
2070,6.828230855463531
2071,7.281106958388271
2072,7.453856544832149
2073,7.205786479994288
2074,8.48919141514856
2075,7.11897433470083
2076,7.986998811846121
2077,6.987447371674399
2078,7.985112080545818
2079,7.906486211403411
2080,7.405743029732193
2081,7.606988337518857
2082,7.439566978843381
2083,7.290513020000013
2084,7.805490370926755
2085,7.827643513539755
2086,8.222933437396378
2087,8.459877662812474
2088,7.8636956422675155
2089,8.56427560837291
2090,5.686383287966741
2091,7.453701999578556
2092,6.456782099603771
2093,7.434032597650848
2094,5.979008724372413
2095,6.833730303955129
2096,6.769247981123527
2097,6.890874153636737
2098,8.646964689908515
2099,8.027991817920949
2100,7.7335963901484845
2101,7.724750269879827
2102,7.307670606162418
2103,7.036029822055546
2104,7.480195236051969
2105,6.696147803202571
2106,6.27859197811275
2107,6.133136486294916
2108,6.771053358844831
2109,7.441920372227038
2110,5.289173088875046
2111,6.401725470099706
2112,6.597154962687604
2113,8.260905814777225
2114,6.3371427167050385
2115,6.708592060174581
2116,5.168026013980068
2117,8.125361733556993
2118,6.267313630258293
2119,7.197390086037203
2120,7.366131101253465
2121,7.003727501630095
2122,6.968064304463532
2123,7.868618939012308
2124,7.190803287774003
2125,8.608978468000274
2126,7.361480422279733
2127,8.320113883256163
2128,8.301687035866749
2129,7.311848865506462
2130,6.992037842151646
2131,8.495998669292739
2132,6.851289292278594
2133,7.51463608991218
2134,6.232302482784711
2135,6.566518469878858
2136,7.778329351541423
2137,7.619166360914804
2138,7.358241469436358
2139,7.600104682315539
2140,6.21863862846034
2141,7.138661474705906
2142,7.806191555664249
2143,7.123260720384543
2144,8.140362878880865
2145,7.632651140049937
2146,7.778894119467296
2147,8.206842622253923
2148,7.47192114867741
2149,7.207888056316527
2150,6.997678350501317
2151,7.139363441691131
2152,5.769820703776617
2153,7.622019854784973
2154,8.212274026403065
2155,6.642081240028055
2156,6.86997881467363
2157,7.536786259300705
2158,6.956939786615848
2159,7.836666500117502
2160,7.497411874615381
2161,8.030635009912828
2162,6.700836016822073
2163,8.547686746832795
2164,7.509690116158396
2165,8.701999045418432
2166,6.460200659482467
2167,7.496317444785241
2168,6.816360215266982
2169,7.130410689126961
2170,7.496549298619861
2171,7.397057172540038
2172,7.632502362072209
2173,6.950662948905901
2174,7.961505908244057
2175,8.509483002856243
2176,6.986509039828682
2177,8.212171549100184
2178,7.360591769155029
2179,7.557287926832217
2180,7.76217713947981
2181,7.611163393706164
2182,8.021355878399433
2183,7.344019202836904
2184,8.33934883902024
2185,7.445661105868446
2186,8.727971634701255
2187,7.145679723677226
2188,7.2213383882273305
2189,6.870837879259774
2190,7.693412049958837
2191,6.900713005112195
2192,7.092658655353567
2193,7.531039008005081
2194,6.17708682844944
2195,7.159460698364178
2196,7.728766741359088
2197,6.774937925418264
2198,9.164020427217686
2199,8.72986390697595
2200,7.623287386604119
2201,8.915158816725409
2202,7.392433210881464
2203,7.575140642104671
2204,6.452483736259609
2205,6.8594857861836545
2206,6.7464345490337365
2207,7.409031770254039
2208,7.973508305085801
2209,6.805591201241391
2210,8.699710319780294
2211,7.25168687789359
2212,7.547803253199675
2213,6.713458525122029
2214,8.924510352971701
2215,6.5066235883997265
2216,7.378653431626972
2217,8.173974407453088
2218,7.391147951664948
2219,7.159352113875315
2220,7.508009351794229
2221,7.990384313507143
2222,8.416315096453033
2223,6.603186777968389
2224,8.189995806654558
2225,7.973696073153668
2226,6.250193641931851
2227,6.7095845161397065
2228,7.566120194773234
2229,7.321400185482936
2230,6.277033833160637
2231,7.26309712910777
2232,7.712723803899166
2233,6.914426304317615
2234,7.141165422735327
2235,6.363392969222112
2236,7.3253897351520365
2237,6.458408415156505
2238,7.941183967500379
2239,5.211852604026632
2240,6.307816509872097
2241,5.511715274389914
2242,6.578477982039473
2243,7.618378365569264
2244,8.650631900547516
2245,8.660573302623774
2246,7.697928994157479
2247,6.760134584324632
2248,6.420228302382711
2249,8.032583269566736
2250,7.019631000237396
2251,8.999598764935378
2252,7.940267046226992
2253,8.092376918622165
2254,6.876754647657059
2255,6.688433624113749
2256,8.135648972878016
2257,7.144103927126245
2258,7.70086613574091
2259,6.847358557052424
2260,6.475258450044329
2261,6.774025773222199
2262,7.273507569251535
2263,7.771014268161842
2264,7.727169818739547
2265,7.1635947594018745
2266,5.979908656534029
2267,7.886973538435633
2268,7.572703873646795
2269,5.494133415536282
2270,8.373947531889606
2271,7.4486897226716025
2272,6.823091329622059
2273,6.370162212411017
2274,8.169254832661295
2275,7.0644398121794865
2276,7.176469120960995
2277,6.2458566004549
2278,8.343782450352236
2279,6.853825341329539
2280,8.583380367107878
2281,8.359299717084149
2282,7.425265869551438
2283,6.834706861072782
2284,5.820536337382535
2285,7.628152140983254
2286,7.7332271347602415
2287,6.323826134148824
2288,6.28616692290359
2289,6.763358161755789
2290,6.203306542450598
2291,6.135112081150645
2292,6.499373548063538
2293,6.536314114451095
2294,7.897187787132552
2295,7.431747392598538
2296,5.5629140045464
2297,6.683289491775028
2298,7.05710002009301
2299,7.744553211460278
2300,7.57829694057974
2301,8.687808262291824
2302,6.64355650634036
2303,8.176016224965522
2304,7.478102757410319
2305,8.198077648424452
2306,7.374706810783991
2307,6.567139899416382
2308,8.781920576751432
2309,7.771777925101851
2310,7.279368319081314
2311,7.662150323160127
2312,8.336775440766601
2313,7.355989351641767
2314,8.27448329237653
2315,8.399630741851183
2316,6.68658097193569
2317,6.731595908812324
2318,6.3193199990914195
2319,7.85322233921201
2320,7.792617151019421
2321,7.6519337595980375
2322,8.275857364954376
2323,7.780682586591311
2324,7.020544327937564
2325,6.548135642063613
2326,7.806027824096304
2327,7.683749641530241
2328,8.35764553094527
2329,9.088787484845426
2330,6.482018179948085
2331,8.167054741630324
2332,7.2697987589984905
2333,6.262647015102694
2334,6.511292270934796
2335,6.9186770824983554
2336,6.322367867953773
2337,6.756088829778882
2338,7.329486510072442
2339,8.426002012690454
2340,7.566920967358541
2341,6.7246605843542895
2342,8.12248605238446
2343,7.309127774080331
2344,7.629657236742609
2345,6.717556709963645
2346,6.911632147293247
2347,8.397880893831129
2348,6.802906679160465
2349,8.16406799180099
2350,8.324333860303085
2351,8.29502945404301
2352,7.036455329831959
2353,7.022238507156061
2354,7.184766854914322
2355,7.013919925343046
2356,8.705436975206219
2357,6.84071632189255
2358,6.299630812873517
2359,6.518886876318447
2360,7.978456386929018
2361,7.232817691288716
2362,8.21602847075944
2363,8.424963422643529
2364,7.819785263043357
2365,5.985057478284233
2366,6.550070901868374
2367,7.0268421861417565
2368,7.046397225557591
2369,7.373766621928667
2370,7.147429654110823
2371,6.2960753486762115
2372,7.448001633637681
2373,7.690336651682813
2374,6.9036309064842385
2375,7.370259348410137
2376,8.143541629280577
2377,8.124861373311333
2378,6.795646581682433
2379,7.98424049779738
2380,8.214212052777555
2381,8.172067003815883
2382,6.926936887274763
2383,8.417269731637091
2384,6.092842584119438
2385,7.565909004903816
2386,6.766443313233523
2387,6.392412756822026
2388,7.152081270491472
2389,6.689566020286783
2390,6.509708389398099
2391,6.9521412247122
2392,7.310195681543334
2393,6.401350503433854
2394,6.6466939123276845
2395,7.457651982306466
2396,7.0561449452739
2397,7.2872885938932015
2398,7.038161063911879
2399,6.091186855897718
2400,6.2063874725745265
2401,6.626911434322665
2402,7.025351547933347
2403,8.257748676179837
2404,5.9265042523134
2405,6.164345348176063
2406,6.655113375916336
2407,7.242833314035543
2408,7.458831793387837
2409,7.955680518604851
2410,8.542384938951152
2411,7.794446793624566
2412,7.821877546706624
2413,6.91887214768245
2414,7.285359431634738
2415,7.179355316098523
2416,6.558968071275032
2417,6.734258400405729
2418,6.953329292870137
2419,7.789892748089997
2420,7.547654892998864
2421,8.324016288332295
2422,7.271658983310253
2423,8.38606435584083
2424,7.74648270581168
2425,7.564176585849474
2426,7.551728849363144
2427,6.854201081463387
2428,7.849784114260807
2429,7.786726138340896
2430,7.3284799521763375
2431,6.539587719023487
2432,5.172435372477587
2433,7.465527862740508
2434,7.516651214914276
2435,8.663708215545462
2436,6.498511596741565
2437,7.081084596527489
2438,6.88247253274406
2439,7.825864768627483
2440,8.133527854150167
2441,7.2037237017235185
2442,5.350084972955088
2443,7.644887392519088
2444,7.919707198293594
2445,7.091161604793378
2446,6.317593594106555
2447,8.019794326594003
2448,7.6153447025160546
2449,6.872828394970647
2450,7.1365507900958605
2451,8.622493046870993
2452,7.168834082810939
2453,7.830741604224059
2454,6.42758361809674
2455,7.160882132357216
2456,7.162499780710199
2457,6.8104509530440325
2458,7.090021452191856
2459,6.906619147354448
2460,7.610892661238864
2461,7.785267837501429
2462,6.499613459282621
2463,7.265992808303238
2464,7.125251789782254
2465,7.5351349233659235
2466,6.2432525905080425
2467,8.006390167656164
2468,6.720304239517517
2469,6.839229193860234
2470,7.636690083067684
2471,7.274173710773098
2472,8.474043854619332
2473,6.203107467775553
2474,7.011381587146907
2475,7.1770921782073245
2476,6.963572213329286
2477,7.509018324719193
2478,7.177566594436847
2479,7.3059534244594815
2480,6.60085483037021
2481,6.475784171451743
2482,7.803919711994048
2483,7.087149421666375
2484,6.923279110967165
2485,8.538418776269253
2486,5.470437441359813
2487,8.344278461076101
2488,8.428951545670564
2489,7.5366219486306605
2490,6.532962701792208
2491,8.696643108014804
2492,6.919285464967338
2493,7.56590760455623
2494,6.901769781622875
2495,7.569085612298409
2496,7.538394704628686
2497,7.4428374245543125
2498,7.791429886847652
2499,7.0460710114967995
2500,7.022193481965232
2501,6.853346291655463
2502,7.8745303941865
2503,7.206674497769534
2504,7.7600809033142255
2505,8.460540934825772
2506,8.875548493661789
2507,7.107175795126778
2508,7.805997439361818
2509,6.5073509477249445
2510,8.159574062475414
2511,8.956822972393333
2512,7.246106074564267
2513,7.105739645767599
2514,6.581476867497138
2515,8.073623681937868
2516,7.101179149092722
2517,7.709468881420882
2518,7.544992983576755
2519,7.026093655761066
2520,6.9251617398909815
2521,7.47551946388667
2522,6.8751899459103925
